organization,name,type,description,applicationStartDate,applicationEndDate,note,incomeLevel,university
(재)음성군장학회,군민 평생 장학생,생활비 - 타 장학 중복 O,"300,000원",2023-09-14,2023-09-27,공고일(2023. 9. 14.) 현재 1년 이상 음성군에 주소를 두고 계속 거주하는 군민으로서 2023년 시행된 중졸 또는 고졸 검정고시를 합격한 민법상 성인(만 19세),10,
광주광역시,학자금대출 이자 지원사업,이자지원,17년 1학기부터 '23년 1학기 사이에 한국장학재단에서 대출받은 학자금의 발생이자 6개월분 이자지원,2023-09-15,2023-10-19,- 광주광역시 소재 대학교(원)에 재학 또는 휴학중이거나 졸업 후 5년 이내의 졸업생,10,
안양시 인재육성재단,안양시 재능장학생,생활비 - 타 장학 중복 O,"최대 4,000,000원",2023-09-01,2023-09-30,순위에 따른 개인별 지급액 결정,10,
포천시교육재단,특기장학생,등록금,"개인 1,000,000원 / 단체 2,000,000원",2023-09-11,2023-09-27,2022. 9. 19. ~ 공고일 이전까 지 국제/전국/광역시 ․ 도/시 ․ 군 대회 등에서 우수한 성적을 거둔 초·중·고·대학생  ,10,
준제장학회,키움나무 장학생,생활비 - 타 장학 중복 O,"500,000원",2023-09-19,2023-10-16,,10,
원장재단,원장재단 장학생,생활비 - 타 장학 중복 O,"5,000,000원",,2023-10-25,,8,
고려대학교학생처,학생처특별장학금,등록금,소정금액,2023-10-04,2023-10-31,,10,고려대학교
수성미래교육재단,수성인재장학생,생활비 - 타 장학 중복 O,"2,000,000원",2023-09-25,2023-10-13,,9,
강원인재육성재단,주거비 장학금,생활비 - 타 장학 중복 O,"1,000,000원",2023-10-04,2023-10-18,,5,
원덕읍 향토장학회,향토장학회 장학생,생활비 - 타 장학 중복 O,심의 및 의결 후 확정금액 지급,2023-10-05,2023-10-19,"원덕읍 지역출신의 재학생(고등학생, 전문대생, 대학생)으로서 공고일 기준 본인 또는 부모(친권자, 후견인)중 1인이상 원덕읍 관내에 3년이상 주민등록상 거주하고  있어야 한다.",10,
옥천군장학회,하반기 장학생,생활비 - 타 장학 중복 O,"2,000,000원",2023-10-06,2023-10-13,,10,
진천군청,발전소 주변지역 지원사업,생활비 - 타 장학 중복 O,할당된 사업비 이내 지원,2023-10-05,2023-10-25,시설용량 2㎿초과 발전소가 설치 된 반경 5km 이내 지역 주민,10,
옥한흠장학회,옥한흠 장학금,생활비 - 타 장학 중복 X,"2,000,000원",2023-10-23,2023-11-13,"국내외 대학원 및 대학 재학생 또는 휴학새으로서 학업 성적이 우수하거나, 또는 재정 사정이 어려운 학생",10,
재단법인 효봉장학회,글로벌 효봉장학생,등록금,"3,600,000원",2023-10-16,2023-11-30,,10,
세종인재평생교육진흥원,세종인재평생교육진흥원 장학생 ,생활비 - 타 장학 중복 O,"1,000,000원",2023-09-01,2023-10-19,,10,
양주시희망장학재단,특정지원장학금,생활비 - 타 장학 중복 O,"500,000원",2023-11-01,2023-11-15,"효행 및 선행상 수여자, 중소기업 생산직 근로자 자녀, 다자녀 가정",10,
복성장학회,복성장학회 꿈 장학생,등록금,"2,000,000원",2023-10-23,2023-11-10,,10,
복성장학회,복성장학회 희망 장학생,생활비 - 타 장학 중복 O,"2,000,000원",2023-10-23,2023-11-10,,4,
중구농협장학회,중구농협장학회 장학금,생활비 - 타 장학 중복 O,추후 공지 예정,2023-10-25,2023-10-31,,10,
노수석 추모사업회,노수석 추모사업회 장학금,생활비 - 타 장학 중복 O,"2,000,000원",2023-10-19,2023-11-05,교육과 사회문제에 관심을 가지고 문제의 해결을 위하여 다양한 실천을 하거나 계획하고 있는 연세대학교 재학생 또는 휴학생(개인 또는 단체),10,연세대학교
대전청년내일재단,인재육성(거주비지원) 장학생,생활비 - 타 장학 중복 O,"1,500,000원",2023-10-27,2023-11-17,"학생 선발 공고일(10월 27일) 현재 대한민국 국적 취득자로서 공고일 기준 본인 또는 부모가 1년 이상(2022.10.26.~) 계속해서 대전광역시에 주소를 두고 대전을 제외한 타 지역의 국내 대학교 재학 중이며 가족 또는 본인 명의로 소속 학교 인근 주소지에 거주계약* 확인 가능하고 학교의 대학(총)장*이 추천한 대학생(단과대학장 이상의 직인 필요)
      * 임대차계약에 의한 월세(연세, 사글세) 및 계약 등에 의한 기숙사(학교, 공공 등) 입주 사실 확인 및 거주비 납부 증빙 가능해야 함[일반 전세, LH청년전세임대 등 제외]",10,
백산장학회,백산장학재단 장학금,생활비 - 타 장학 중복 O,"약 1,000,000원 (심사 후 결정)",2023-11-08,2023-11-21,국내외 정규 교육기관 재학생,10,
사단법인 영우장학회,영우장학회 장학생,생활비 - 타 장학 중복 O,"최대 2,000,000원",2023-11-10,2023-11-17,"가양1동, 가양2동, 가양3동, 방화3동, 등촌3동 대학생",10,
꿈나무가꾸기명정장학재단,동지 장학생,생활비 - 타 장학 중복 O,"1,000,000원",2023-11-15,2023-12-15,자신의 꿈을 향해 도전하고 학업에 대한 기본적인 소양과 성실함을 갖춘 학생이면 누구나 지원가능.,10,
아이들과미래재단,우리은행 청(소)년 미래지원사업 ,생활비 - 타 장학 중복 O,"1,200,000원 ~ 10,000,000원 (지원분야별 상이) ",2023-11-15,2023-12-07,"등본상 주소지 혹은 재학 중인 학교가 농산어촌 지역(군, 읍, 면, 리)에 위치하고 있는 10~24세 청(소)년",6,
전라남도,영호남 상생 장학생,생활비 - 타 장학 중복 O,"2,000,000원",2023-11-01,2023-11-27,"   ① 보호자(부 또는 모, 후견인) 또는 학생 본인이 1년 이상전라남도에 주소를 두고 있으며, 전남 소재 대학에 재학 중인 대학생(휴학, 졸업 제외)
   ② 동서화합, 인권신장, 평화정착 등에 노력한 대학생 또는 그 분야에 공적이 있는 사람의 대학생 자녀",10,
삼성드림클래스 ,대학생멘토 선발,생활비 - 타 장학 중복 O,"4,000,000원",2023-11-20,2023-12-11,"- 2024년 기준, 국내 대학교(원) 재학생/휴학생

* 2024년 대학교(원) 입학예정자 지원 가능 (추후 합격통지서 제출)

* 2024년 중 졸업예정자, 학기초과자 지원 불가​",10,
경희대학교 국제캠퍼스,교내장학금,생활비 - 타 장학 중복 O,장학금 항목 별 상이,2023-12-04,2024-01-07,정규학기 국제캠퍼스 학부 재학생 전체,10,경희대학교
한양대학교,교내장학금,등록금,장학금 항목 별 상이,2023-12-01,2024-01-07,,10,한양대학교
부산대학교,국가Ⅱ유형 경제사정 곤란 대학생 국가장학금,등록금, '23학년도 2학기 등록금 범위 내에서 총 등록금의 30% 지원,2023-11-24,2023-12-04,,10,부산대학교
서울시립대학교,교내장학금,생활비 - 타 장학 중복 O,장학금 별 상이,2023-12-11,2023-12-15,,10,서울시립대학교
강남장학회,강남장학회 장학생,등록금,"등록금 학기당 2,500,000원, 활동비 지원",2023-12-04,2023-12-21,"서울, 경기 소재 대학교, 대학원생 00명",10,"경희대학교, 고려대학교, 성균관대학교, 연세대학교, 중앙대학교, 한양대학교, 서울시립대학교"
영주1동 장학회,영주1동 장학회 장학생,생활비 - 타 장학 중복 O,"800,000원",2023-12-18,2024-01-15,"대    상: 영주1동 거주(신청일 현재 1년 이상) 고등학생, 대학생 ",10,
한국장학재단,2024-1학기 국가장학금,등록금,등록금 차등지원,2023-11-22,2023-12-27,,9,
(재)행복영도장학회,일반 장학생,생활비 - 타 장학 중복 O,"2,000,000원",2023-12-26,2024-01-09,성적·소득·재산을 평가 기준에 의해 산정하여 합산 후 선발,10,
이한열소셜펠로우쉽,이한열장학생,생활비 - 타 장학 중복 O,"1,500,000원",2023-12-18,2024-01-04,"1) 우리 사회의 민주화를 위해 기여한 자의 가족
2) 사회적 약자
3) 이한열 정신을 이어받아 활동하는 자
4) 사회적 경제에 대한 구상이 있는 자",10,
한국장학재단,2024-1학기 푸른등대 기부장학금,생활비 - 타 장학 중복 O,"최대 10,000,000원",2023-12-26,2024-01-18,,10,
굿패밀리복지재단,2024상반기 굿패밀리 장학생,생활비 - 타 장학 중복 O,"1,000,000원",2024-01-02,2024-01-26,,10,
사람사는세상 노무현재단,제15기 노무현장학생,생활비 - 타 장학 중복 O,"4,000,000원",2024-01-16,2024-01-31,,10,
경기도청,2024년 상반기 경기도 대학생 학자금 대출이자 지원사업,이자지원,2023년 하반기(7월~12월)동안 발생한 이자 지원,2024-01-03,2024-02-19,"본인 또는 직계존속 중 1명이 주민등록상 경기도에 2023. 1. 3. 이전부터사업공고일 현재까지 거주한(사업공고일 기준 1년 이상 경기도 계속거주)
대학(원) 재학·휴학생, 미취업 졸업·수료생",10,
울산광역시청,2023년 하반기 울산광역시 대학생 학자금대출 이자지원 사업,이자지원,2017년 이후 한국장학재단으로부터 신규대출 받은 「취업 후 상환 학자금대출」 및 「일반 상환 학자금대출」의 2023년 하반기(2023. 7. 1.~ 12. 31.)에 발생한 본인 부담 이자액,,2024-02-16,,10,
군산시청,2024년 상반기 군산시 대학생 학자금대출 이자지원,이자지원,한국장학재단을 통해 대출받은 학자금(등록금 및 생활비)의 발생이자 지원,,2024-02-19,,10,
진로취업과, 23학년도 진로취업 경력개발장학금,생활비 - 타 장학 중복 O,"최대 5,000,000원",2024-01-15,2024-01-27,,10,경북대학교
울산북구교육진흥재단,차오름 저소득층 자녀 장학금,등록금,"최대 4,000,000원",2024-04-15,2024-04-26,,4,
경희대학교,등록금성 장학생,등록금,등록금 전액,2024-01-19,2024-01-19,"!! 중요 !!
오늘(01/19) 오후 17시 30분까지 전화주고, 내일(토) 오후 13시~17시 30분까지 직접 청운관 방문해서 원본 서류 제출 가능한 학생을 찾습니다.


  1) 소득분위 8분위 이하(2023-2학기 기준)
  2) 부모의 2023년도 연간 소득 합계 세전 1억 미만인 학생
* 두 조건을 모두 충족시키면서 국가장학금 및 교내장학금으로 등록금성 장학금을 받지 못하는 학생",8,경희대학교
성남시장학회,재단장학생,등록금,"3,000,000원 (추후 확정)",2024-02-13,2024-02-19,"신청자격
* 신청일 현재 계속 2년 이상 성남시에 주민등록을 두고 거주한 자
*  국가기관이나 지방자치단체, 학교, 기타 장학관련 단체로부터 수업료 또는 등록금을 전액 면제·지원 받고 있지 않는 학생",1,
인천광역시청,2024년 상반기 인천시 대학(원)생 학자금대출 이자지원,이자지원,2019년 1학기부터 2023년 2학기까지 한국장학재단을 통해 대출받은 학자금(등록금·생활비)의 2023년 하반기(7월~12월) 발생이자 지원 ,2024-02-01,2024-03-08,"지원대상:
부모 또는 본인이 신청기준일 현재 1년 이상 인천광역시에 주민등록이 되어 있는 국내 대학교(대학원 포함) 재·휴학생 및 미취업 졸업생",8,
충북인재평생교육진흥원,충청북도 대학생 학자금대출 이자지원,이자지원,"한국장학재단을 통해 대출받은 학자금(등록금, 생활비)의 2023년 7월 1일부터 12월 31까지 발생한 이자 지원",2024-01-29,2024-03-01, 공고일 기준으로 본인 또는 직계존속이 계속하여 1년 이상 충북도내에 주소를두고 거주하는 국내대학 재학생(휴학생),10,
진주시청,2024년 상반기 진주시 대학생 학자금 대출이자 지원사업,이자지원,대출시점 2017년 1학기부터 한국장학재단에서 받은 학자금 대출의 2023년 하반기(23. 7. 1. ~ 12. 31.) 동안 발생한 이자 지원,2024-02-01,2024-02-29,"지원 대상
 - 학자금 대출이자 지원 공고일 현재 본인이 진주시에 주민등록이 되어 있는 경우나 부모(부모가 없는 경우 직계존속)가 공고일 기준으로 1년 이상 진주시에 주민등록이 되어 있으면서
 - 한국장학재단의 취업후상환 학자금대출, 일반상환 학자금대출을 받은 재학 또는 휴학 중인 대학(원)생 ",10,
전남인재평생교육진흥원,전라남도 대학생 학자금 대출이자 지원,이자지원,"한국장학재단에서 대출받은 학자금(등록금, 생활비)에 대한 2023년 7월~12월분 대출이자 전액 지원",2024-01-31,2024-03-15,공고일 기준 본인 또는 직계존속이 1년 이상 전남에 주민등록이 되어있는 자,10,
하영호장학회,(경희대) 하영호 장학회 장학생,등록금,"매 학기 등록금 2,000,000원",2024-02-01,2024-02-06,"* 지원자격: 기초생활수급 대상자 및 차상위권 대상자는 아니어야 함 그러나 사각지대의 어려운 생활수준
* 매월 첫째 주 토요일 정기 봉사에 참여할 수 있는 학생",10,경희대학교
고려대학교 교우회 97동기회,97동기회 개인명의 장학생,생활비 - 타 장학 중복 O,"2,000,000원",2024-02-01,2024-02-05,,6,고려대학교
(재)석성장학회,석성선행장학생(일반장학금),생활비 - 타 장학 중복 O,"최대 1,000,000원",2024-02-01,2024-10-20,* 지급대상: 모범적인 선행공적이 있는 학생,10,
재단법인 한용교 장학재단,(재)한용교장학재단 장학금,등록금,"등록금 2,000,000원",2024-02-01,2024-02-08,국내외 대학에 재학중인 자로서 학업성적이 우수하며 경제적인상황이 어려운학생 우선 선발,10,
KMA 회남재단,(고려대) 회남재단 신규 장학생,생활비 - 타 장학 중복 O,"졸업 시까지 연 5,000,000원",2024-02-05,2024-02-13,선발대상: 생활 및 학업환경이 어려운 저소득층 (자녀) 중에서 성적이 우수하고 인성과 품성이 반듯하여 장래성이 큰 학생,2,고려대학교
(재)단양장학회,일반장학생,생활비 - 타 장학 중복 O,"3,000,000원",2024-03-04,2024-03-14,"* 지원자격
공고일 현재 부모와 대상자 모두 단양군 관내에 1년 이상 거주
관내 고등학교 졸업",10,
(재)화순장학회,복지장학금,등록금,"1,000,000원",2024-02-21,2024-03-13,"* 지원자격
- 부모(보호자)와 학생(대학생 제외) 모두 화순군에 1년이상 주민등록을 유지하고 있는 자
- 소득인정액 기준 중위소득* 100%이내의 건강보험료를 납부하는 가정의 자녀",5,
백영장학재단,문화생활장학금,생활비 - 타 장학 중복 O,"1,200,000원",2024-02-13,2024-02-23,"* 지원 자격
가정형편이 어려우면서 타에 모범이 되는 중학교 이상의 학생(대학생ㆍ대학원생 포함)으로서 학교장 등 소속 기관장(대학교ㆍ대학원은 학과장)의 추천을 받은 학생",0,
재경울릉향우회,재경울릉향우회 장학생,생활비 - 타 장학 중복 O,"2,000,000원",2024-02-22,2024-03-08,"* 지원자격
- 재경울릉향우회 회원 또는 회원의 자녀
- 울릉군 거주 향우 자녀로 울릉고등학교 졸업 후 수도권 대학 재학 중이고, 울릉군 관계기관이 추천한 학생",10,"가천대학교, 가톨릭대학교, 감리교신학대학교, 강남대학교, 강서대학교, 건국대학교, 경기대학교, 경희대학교, 고려대학교, 광운대학교, 국민대학교, 단국대학교, 대진대학교, 덕성여자대학교, 동국대학교, 동덕여자대학교, 루터대학교, 명지대학교 자연캠퍼스, 삼육대학교, 상명대학교, 서강대학교, 서경대학교, 서울과학기술대학교, 서울기독대학교, 서울대학교, 서울시립대학교, 서울신학대학교, 서울여자대학교, 서울장신대학교, 서울한영대학교, 성결대학교, 성공회대학교, 성균관대학교, 성신여자대학교, 세종대학교, 수원가톨릭대학교, 수원대학교, 숙명여자대학교, 숭실대학교, 신한대학교, 아신대학교, 아주대학교, 안양대학교, 연세대학교, 용인대학교, 이화여자대학교, 인천가톨릭대학교, 인천대학교, 인하대학교, 장로회신학대학교, 중앙대학교, 중앙승가대학교, 차의과학대학교, 총신대학교, 추계예술대학교, 칼빈대학교, 평택대학교, 한경국립대학교, 한국공학대학교, 한국성서대학교, 한국외국어대학교, 한국체육대학교, 한국항공대학교, 한성대학교, 한세대학교, 한신대학교, 한양대학교, 한양대학교 ERICA캠퍼스, 협성대학교, 홍익대학교, 화성의과학대학교"
하림장학재단,하림장학생 ,생활비 - 타 장학 중복 O,"4,000,000원",2024-02-27,2024-03-05,지원대상: 가정형편이 어려우나 사상이 건전하고 품행이 단정하며 학업성적이 우수한 재학생,10,고려대학교
(재)청양사랑인재육성장학회,모범학생 장학금,생활비 - 타 장학 중복 O,"1,500,000원",2024-03-04,2024-03-29,"지원자격: 
- 장학생 선발 공고일 1년 전부터 계속하여 부모 또는 본인이 청양군에 주소를 두고 거주한 자
- 군내 중학교와 고등학교를 졸업한 자",0,
가평군청,보금자리 장학생,등록금,"등록금 연 최대 3,000,000원 지원",2024-02-27,2024-03-21,"지원자격:
- 공고일 현재 가평군 관내에 3년 이상 주소를 두고계속 거주한 군민 또는 그 자녀로서
관내 학교(초·중·고등학교 중 1개 이상)를 졸업하고 국내 대학(전문대학 포함)에 진학 또는 재학 중이거나 복학 예정인 학생(휴학생제외)
- 공고일 현재 관외 대학교에 재학하고 있는 대학생으로서 공고일 이후까지 학교 인근에 거주하는 사실을 증빙이 가능한 사람",10,
용인시장학재단,자립 장학금(대학생),등록금,"등록금 2,500,000원 지원",2024-03-18,2024-04-12,"지원자격 
- 공고일 현재, 용인시에 주민등록을 두고 2년 이상 계속하여 거주하고 있는 시민 및 시민의 직계비속",4,
재단법인 장성장학회,복지분야 장학생,생활비 - 타 장학 중복 O,"2,000,000원",2024-03-04,2024-03-22,"지원자격:
공고일 현재 본인 또는 보호자가 6개월 이상 장성군에 주소를 두고 있는 대학교 국내 재학생 중 분야별 자격요건을 충족하는 자",10,
재단법인 천정,유희춘 장학생,생활비 - 타 장학 중복 O,"1,500,000원",2024-03-11,2024-04-10,,10,
부천장학재단,부천장학재단 장학생,생활비 - 타 장학 중복 O,"3,000,000원",2024-03-21,2024-04-02,"지원자격:
공고일(2024. 3. 7.) 현재 부·모 또는 본인이 1년 이상 부천시에 주민등록이 되어 있는 2자녀 이상 가구 중 부천시에 소재한 고등학교 졸업생 및 고졸 검정고시 출신으로 국내대학 재학생",10,
통영시,2023년 하반기분 통영시 대학생 학자금 이자지원,이자지원,2013년 8월 1일 이후에 한국장학재단에서 받은 대출금에 대해 2023. 7. 1.부터 12. 31.까지 발생한 대출이자,2024-03-06,2024-03-27,"지원자격: 다음의 조건 중 하나를 만족하는 사람
- 현재 본인이 1년 이상 또는 직계존속이 3년 이상 통영시에 주민등록이 되어 있으면서 통영시 소재 고등학교를 졸업한 사람
- 공고일 현재 통영시 소재 고등교육기관의 대학(원)생 및 미취업 졸업생으로서 1학년의 경우 3개월 이상, 그 외의 경우 1년 이상 통영시에 주민등록이 되어 있는 사람",10,
서울장학재단,서울희망 공익인재 장학생,생활비 - 타 장학 중복 O,"연간 최대 4,000,000원",2024-03-11,2024-03-22,"지원자격: 
- 최근 3년 이내 사회공익분야에 지속해서 참여한 경험이 있는 학생
(예시: 사회공익분야 관련 봉사활동, 대외활동, 공모전 수상, 창업 등)
- 사회 문제 해결을 위한 실천적 방안을 탐구하고 실천하는 공익 프로젝트를 직접 기획, 실행하며 사회문제를 공동으로 해결하고 사회적 가치를 확산하려는 열정과 도전정신을 지닌 학생",10,"감리교신학대학교, 강서대학교, 건국대학교, 경희대학교, 고려대학교, 광운대학교, 국민대학교, 덕성여자대학교, 동국대학교, 동덕여자대학교, 삼육대학교, 상명대학교, 서강대학교, 서경대학교, 서울과학기술대학교, 서울기독대학교, 서울대학교, 서울시립대학교, 서울여자대학교, 서울한영대학교, 성공회대학교, 성균관대학교, 성신여자대학교, 세종대학교, 숙명여자대학교, 숭실대학교, 연세대학교, 이화여자대학교, 장로회신학대학교, 중앙대학교, 총신대학교, 추계예술대학교, 한국성서대학교, 한국외국어대학교, 한국체육대학교, 한성대학교, 한양대학교, 홍익대학교"
준제장학회,키움나무 장학금,생활비 - 타 장학 중복 O,"학기당 500,000원",2024-03-02,2024-04-19,"우대조건: 학교 성적우수자, 한부모가정자녀, 차상위계층자녀
(우대조건 미적합자도 장학금 신청 가능)",10,
춘천시민장학재단,애향장학금(저소득자녀),등록금,"최대 1,000,000원",2024-04-03,2024-04-09,지원자격: 공고일 현재 주민등록 주소지가 1년 이상 춘천시에 등록된 시민 및 그 자녀로서 중‧고등학교 및 대학(교)에 재학 중인 학생,1,
MG지역희망나눔재단,MG희망나눔 청년주거 장학금,생활비 - 타 장학 중복 O,"주거비용 2,100,000원",2024-03-11,2024-04-07,"지원대상: 주거비 지원이 필요한 전국 청년
우대사항: 기초생활 수급자, 차상위세대, 아동복지시설 퇴소자, 장애인, 다문화, 소년소녀가장, 조손세대의 자녀 등 국가장학금 소득분위(1~5분위)
※단, 기숙사 입실자 지원 불가",10,
광주광역시,학자금 대출이자 지원사업,이자지원,2017년 1학기부터 2023년 2학기까지 한국장학재단으로부터 대출받은 일반 상환 학자금 및 취업 후 상환 학자금 대출금의 2023년 하반기(7월~12월)동안 발생한 이자 지원,2024-03-05,2024-04-12,"지원자격:
본인 또는 직계존속이 광주광역시에 1년 이상 주민등록이 되어 있는 자",10,
(재)충청남도평생교육인재육성진흥원,충남사랑 장학생,생활비 - 타 장학 중복 O,"최대 3,600,000원",2024-04-01,2024-04-15,"지원자격(모두 충족):
-  2024. 3. 6.(수) 기준 본인이 충청남도에 1년 이상 계속해서 주민등록상 주소지를 두고 있는 자
- 도내 고교 졸업 후 도내 대학교에 재학 중인 자",4,"건양대학교, 공주대학교, 금강대학교, 나사렛대학교, 남서울대학교, 백석대학교, 선문대학교, 순천향대학교, 중부대학교, 한국기술교육대학교, 한국전통문화대학교, 한서대학교, 호서대학교"
안산인재육성재단,행복이음 장학생,생활비 - 타 장학 중복 O,"500,000원",2024-03-18,2024-03-29,"지원자격:
- 안산시에 3년 이상 계속하여 주민등록을 두고 거주하는 자
- 합산 10년 이상 주민등록을 두고 거주하고 있는 대학생 중 4대[학생, 부모, (외)조부모, (외)증조부모]가 안산에 거주하고 있는 29세 이하인 자",10,
금옥학술문화재단,금옥학술문화재단 장학생,등록금,"2학기 등록금 1,000,000원 지원",2024-03-12,2024-03-20,,10,숭실대학교
대신정기화물자동차(주),호기심·끼 지정장학생,생활비 - 타 장학 중복 O,"최대 2,000,000원",2024-03-12,2024-03-29,"지원자격:
- 1년 이상 도내에 주소를 두고 계속 거주하는 도민 또는 도민의 자녀로서 대학교 재학생
- 청주시 소재 8개 대학 재학생",10,"충북대학교, 청주대학교, 서원대학교, 충청대학교, 한국교원대학교, 청주교대학교, 보건과학대학교, 한국폴리텍대학교"
안성시,2024년 상반기 안성시 대학생 학자금 대출이자 지원,이자지원,"한국장학재단에서 대출받은 학자금(등록금, 생활비)의 2023년 하반기(7월~12월) 동안 발생한 이자 전액 지원
",2024-02-26,2024-04-30,"지원자격:
안성시에 주민등록을 두고 있는 대학생 및 대학원생(휴학생 포함)",10,
우양재단,우양재단 청년밥상 사업,생활비 - 타 장학 중복 O,"450,000원",2024-03-14,2024-03-27,"지원자격:
현재 재학 중인 저소득 결식 대학생(대학원생 및 휴학생도 가능)",4,
익산시,2024년 상반기 익산시 대학생 학자금 이자지원 사업,이자지원,2017년부터 한국장학재단에서 대출받은 학자금(등록금·생활비)의 이자 전액 지원,2024-03-18,2024-04-01,"지원자격:
현재 익산시에 주민등록이 되어있는 전국 대학생 중, 2017년 1월 1일부터 한국장학재단으로부터 학자금 대출을 받은 대학생(재학생·휴학생)",10,
춘천시민장학재단,2024 상반기 춘천시민장학재단 장학생,등록금,"최대 1,000,000원",2024-04-03,2024-04-09,"지원자격:
주민등록 주소지가 1년 이상 춘천시에 등록된 시민 및 그 자녀로서 대학교에 재학 중인 자",10,
부천근로자장학재단,부천근로자장학재단 장학생,등록금,"2,000,000원",2024-03-14,2024-03-29,"지원자격:

비정규직 또는 저임금 근로자(월 평균급여 300만원 이하)의 자녀﻿",10,
(재)태백시민향토장학회,생활 장학금,생활비 - 타 장학 중복 O,"1,000,000원",2024-04-08,2024-04-19,지원자격: 공고일 현재 태백시에 2년 이상 주민등록상 주소를 두고 계속 거주하는 대학생 또는 시민(부모 및 친권자)의 자녀  ,5,
철원장학회,저소득 주민자녀 장학금,생활비 - 타 장학 중복 O,"3,000,000원",2024-04-01,2024-04-30,지원자격: 부·모(또는 실질적으로 부양한 보호자)와 본인이 공고일을 기준으로 계속해서 철원군에 1년 이상 주소를 두고 거주하고 있는 학생,1,
철원장학회,대학생 자녀 장학금,생활비 - 타 장학 중복 O,"2,000,000원 이상",2024-04-01,2024-04-30,"지원자격: 부·모(또는 실질적으로 부양한 보호자)와 본인이 공고일을 기준으로 계속해서 철원군에 1년 이상 주소를 두고 거주하고 있는 학생
- 출산 또는 입양으로 한명 이상 자녀를 양육하는 가정의 자녀 중 대학교 재학생",10,
전북대학교,김정옥 장학금,생활비 - 타 장학 중복 O,"3,000,000원",2024-03-25,2024-04-01,"지원자격:

전북대학교 독일학과(독어독문학과) 및 독어교육과 3학기 이상의 재학생(부전공, 복수전공자 포함). 단, 초급독일어 등 독일어 관련 과목을 9학점 이상 수강한 타학과 학생도 지원 가능",10,전북대학교
세종인재평생교육진흥원,2024년 상반기 학자금 대출이자 지원,이자지원,2023년 하반기(7월~12월)에 발생한 대출이자 지원,2024-03-18,2024-04-19,,10,
세종인재평생교육진흥원,세종인재평생교육진흥원 장학생(디딤돌 모범),생활비 - 타 장학 중복 O,"1,000,000원",2024-03-25,2024-05-03,,6,
세종인재평생교육진흥원,세종인재평생교육진흥원 장학생(디딤돌 학자금),생활비 - 타 장학 중복 O,"1,000,000원",2024-03-25,2024-05-03,,6,
장수군애향교육진흥재단,장수군애향교육진흥재단 장학생(반값등록금),등록금,추후 결정,2024-03-25,2024-04-19,,10,
충북지역개발회,지정장학금,생활비 - 타 장학 중복 O,추후 결정,2024-03-27,2024-04-19,"우대사항:
기초생활수급자, 차상위계층, 한부모가족 지원법 제5조에 따른 한부모 및 조부모가정 등의 자녀를 우선선발",10,
화엄사,지역미래불자육성장학 장학생(구례),생활비 - 타 장학 중복 O,"1,000,000원",2024-03-26,2024-04-02,,10,동국대학교
화엄사,지역미래불자육성장학 장학생(순천),생활비 - 타 장학 중복 O,"1,000,000원",2024-03-26,2024-04-02,,10,동국대학교
보성군장학재단,보성군장학재단 재학생(행복둥지),등록금,"2,000,000원",2024-04-01,2024-04-15,"지원대상:
실제로 귀농·귀촌하여 생활하고 있는 가구의 학생",7,
부안군 근농인재육성재단,부안군 근농인재육성재단 장학생(등록금),생활비 - 타 장학 중복 O,"최대 3,000,000원",2024-03-11,2024-04-05,,10,
여주시인재육성장학회,여주시인재육성장학회 장학생,등록금,"연 4,000,000원",2024-03-01,2024-03-31,,10,
우석장학문화재단,우석장학문화재단 생활비 지원 장학생(전형4),생활비 - 타 장학 중복 O,"3,000,000원",2024-03-25,2024-04-12,,0,"경북대학교, 경운대학교, 경일대학교, 경주대학교, 계명대학교, 금오공과대학교, 김천대학교, 대구가톨릭대학교, 대구경북과학기술원, 대구대학교, 대구예술대학교, 대구한의대학교, 대신대학교, 동국대학교 WISE캠퍼스, 동양대학교, 안동대학교, 영남대학교, 영남신학대학교, 위덕대학교, 포항공과대학교, 한동대학교"
은평구민장학재단,해외연수 장학생,생활비 - 타 장학 중복 O,"항공권, 해외대학 프로그램 비용, 보험료 등 지원",2024-03-25,2024-04-05,,8,
경북도청,2024년 상반기 경상북도 대학생 학자금대출 이자지원,이자지원,"2017년 이후 한국장학재단에서 대출받은 학자금(등록금, 생활비)의 2023년 7~12월(하반기)동안 발생한 이자 지원",2024-04-01,2024-05-03,,8,"경북대학교, 경운대학교, 경일대학교, 경주대학교, 계명대학교, 금오공과대학교, 김천대학교, 대구가톨릭대학교, 대구경북과학기술원, 대구대학교, 대구예술대학교, 대구한의대학교, 대신대학교, 동국대학교 WISE캠퍼스, 동양대학교, 안동대학교, 영남대학교, 영남신학대학교, 위덕대학교, 포항공과대학교, 한동대학교"
가천대학교,의인 천소룡기념 장학금,생활비 - 타 장학 중복 O,"1,500,000원",2024-04-01,2024-04-12,"선발기준:
- 학생 본인의 정의로운 행동으로 국가, 기관, 타인에게 도움을 준 사람",10,가천대학교
전주시청,2024년 상반기 전주시 대학생 학자금 대출 이자지원 사업,이자지원,2016년 이후 한국장학재단을 통해 대출 받은 취업후/일반상환 학자금(등록금)의 2023년 하반기 발생 이자 전액(생활비 제외) 지원,2024-04-01,2024-04-30,,10,
안산인재육성재단,본인부담 등록금 반값지원,등록금,"최대 1,000,000원 등록금",2024-05-02,2024-05-31,,6,
서강대학교,김의기 장학금,생활비 - 타 장학 중복 O,"2,000,000원",2024-04-03,2024-04-30,,10,서강대학교
경산시청,경상북도 근로자 자녀 학자금 지원사업,생활비 - 타 장학 중복 O,"연 2,500,000원",2024-04-01,2024-04-30,"지원자격:
- 근로자의 주민등록 소재지가 경상북도이며, 경상북도 내 3개월 이상 동일 직장 재직 근로자
- 전년도(2023년) 도시근로자 가구원수별 가구당 월평균 소득기준 90% 이하인 자
또는 산업재해 및 그 밖의 사유로 가정생활이 어려운 근로자
(공기업 정규직 제외)",4,
산청군향토장학회,산청군향토장학회 장학사업(서민자녀),생활비 - 타 장학 중복 O,"2,000,000원",2024-04-02,2024-04-26,,1,
(재)무주군교육발전장학재단,반디장학생,등록금,"학기당 등록금 1,000,000원 지원",2024-03-04,2024-03-29,"지원자격:
- 기준일(2024. 3. 4.)현재 보호자 중 1인과 장학생의 주민등록상 주소지가 모두 무주군으로 되어 있는 자
-  관내 고등학교를 졸업한 학생",10,
재단법인 옥천군장학회,옥천인재장학금,생활비 - 타 장학 중복 O,"3,000,000원",2024-03-25,2024-04-05,지원자격: 부모(보호자) 또는 본인이 옥천군에 주소를 두고 공고일 현재 1년 이상 계속 거주,10,
양구교육캠퍼스,양구군 대학생 등록금 지원,등록금,등록금 전액 지원,2024-04-01,2024-04-30,학생의 부 또는 모 또는 실적적으로 부양한 보호자가 2021.1.1. 이전부터 현재까지 관내 주소를 두고 실거주,10,
한국장학재단,푸른등대 삼성기부장학생,생활비 - 타 장학 중복 O,"연 3,000,000원",2024-04-08,2024-04-15,신청자격: 사회적 배려계층 가정의 대학생,3,서강대학교
고창군장학재단,대학등록금 지원사업,등록금,"등록금 연 최대 3,000,000원 지원",2024-04-08,2024-05-07,"지원자격: 
- 공고일 기준 1년 이상 고창군에 주민등록을 둔 자
- 관내 초·중·고등학교를 모두 졸업하고 대학에 입학한 자 또는 관내 초·중학교를 모두 졸업하고 고졸 검정고시를 합격해 대학에 입학한 자",10,
(재)꿈나무가꾸기 명정장학재단,초파일 장학생,생활비 - 타 장학 중복 O,"1,000,000원",2024-04-15,2024-04-30,"지원자격: 
자신의 꿈을 향해 도전하고 학업에 대한 기본적인 소양과 성실함을 갖춘 학생이면 누구나 지원가능.
",10,
재단법인 마포인재육성장학재단,마포장학생,등록금,"1학기 등록금 최대 3,000,000원 지원",2024-04-22,2024-04-30,"지원자격:
- 공고일 현재 계속하여 6개월 이상 마포구에 거주하고 있는 만 30세 미만의 초등학교, 중학교, 고등학교, 대학교 재학생",10,
정읍시청,2024년 정읍시 대학생 학자금대출 이자지원사업,이자지원,2017년부터 한국장학재단에서 받은 학자금 대출에 대한  2023년 7월~12월에 발생한 이자 지원,2024-04-01,2024-05-03,"지원자격:
신청일(2024.4.1.)기준 현재 정읍시에 주소지를 둔 대학생",10,
남원시청,2024년 상반기 남원시 학자금대출 이자지원 신청,이자지원,"2016년부터 한국장학재단으로부터 대출받은 일반· 취업 후 상환 학자금, 생활비 대출금의 2023년 2학기 동안의 발생이자 전액",2024-04-01,2024-05-09,"지원자격:
본인 또는 부모가 남원시에 신청일(2024. 4. 11.(목)) 기준 주민등록주소를 둔 전국 대학 재학생 또는 복학예정자",10,
영주시청,"2024년 상반기 영주시 학자금대출 이자지원사업
",이자지원,"18-2학기부터 2023. 12. 31. 까지 한국장학재단으로부터 대출받은 일반, 취업후상환 학자금대출(등록금, 생활비)의 2023.7. 1. ∼ 2023. 12. 31. 동안의 발생한 이자",2024-04-04,2024-04-25,"지원자격:
지원일 현재 본인또는 직계존속이 영주시에 주민등록주소를 둔 대_휴학생",10,
부안군청,2024년 상반기 부안군 학자금대출 이자지원사업,이자지원,"19-1학기부터 한국장학재단으로부터 대출받은 일반, 취업후상환 학자금대출(등록금)의 2023. 7. 1. ∼ 2023. 12. 31. 동안의 발생한 이자
   ※ 생활비 제외",2024-04-01,2024-04-30,"지원자격:
1. 부모 모두가 공고일(2024.4.1.) 기준, 1년 전부터 부안군에 주민등록주소를 둔 자
2. 부모의 사망 또는 기혼자는 학생 본인의 주소지가 공고일(2024.4.1.) 기준, 1년 전부터 부안군에 주민등록이 되어 있는 사람",10,
당진시청,"2024년 상반기 당진시 학자금대출 이자지원 신청
",이자지원,지원내용: 한국장학재단에서 2016년 2학기 이후 대출받은 학자금의 2023년 하반기(7월~12월)동안 발생한 이자(생활비는 제외),2024-04-08,2024-05-03,"지원자격:
공고일(2024.4.1.) 현재 본인 또는 직계존속이 당진시에 1년 이상(2023.3.31. 이전부터) 주민등록이 되어있는 대학생(휴학생 포함)",8,
무주군청,2024년 상반기 무주군 학자금대출 이자지원 신청,이자지원,2017년부터 한국장학재단으로부터 대출받은 학자금(등록금)대출의 2023년 하반기 발생한 이자,2024-04-01,2024-04-30,"지원자격:
공고일 현재 부 또는 모가 2년 이상 무주군에 주민등록이 되어 있는 자
- 다만 부모가 모두 사망한 경우 학생 본인을 기준으로 2년이상 무주군에 주민등록이 되어 있는 대학생",10,
장수군청,2024년 상반기 장수군 학자금대출 이자지원사업,이자지원,한국장학재단 학자금 대출(‘12~‘23.2학기까지 누적분)에 대해 ‘23. 하반기(7~12월) 동안 발생한 이자,2024-04-01,2024-04-30,"지원자격:
공고일 현재 2년 이상 부모 중 1인 또는 학생이 장수군에 주소를 둔 자",10,
대전청년내일재단,인재육성 장학생(재능),생활비 - 타 장학 중복 O,"1,500,000원",2024-04-05,2024-04-30,"지원자격:
- 실적인정 기간(23.4.12.~24.4.5) 내에 인문사회·과학·예체능 등 분야의 국제 및 전국대회에서 3위 이내의 성적을 득한 자
-  공고일 기준 6개월 전(′23.10.6.)부터 대전광역시에 주민등록상 주소를 둔 학생",10,
KT&G 장학재단,대학 상상장학생,생활비 - 타 장학 중복 X,"연 최대 3,000,000원",2024-04-15,2024-04-29,,1,
고창군청,고창군 학자금 대출 이자지원,이자지원,2017년 8월 1일 이후 대출금액에 대해서 2023년 하반기 및 2024년 상반기 이자발생분,2024-04-15,2024-05-10,이자지원 신청일 현재 본인 또는 보호자의 주민등록이 고창군에 있는 사람으로 학자금 대출 신청일 기준 부모가 2년 이상 고창군에 주민등록이 있는 사람,10,
구미시청,구미시 대학생 학자금대출 이자지원,이자지원,2017년 1학기 이후 한국장학재단으로부터 대출받은 학자금의 2023년 하반기(7 ~ 12월) 동안 발생한 이자 지원,2024-04-16,2024-05-08,"본인 또는 직계존속이 지원 공고일(‘24.04.15)까지 1년 이상 계속하여 구미시에 주민등록을 두고 있는, 구미시 관내 대학 재학(휴학)생",10,"경운대학교, 금오공과대학교, 구미대학교"
우강장학재단,우강장학재단 장학생,생활비 - 타 장학 중복 O,"2,000,000원",2024-04-17,2024-05-27,"지원대상:

학업에 성실하고 성적이 우수하나 학비 조달에 어려움을 겪는 재학생",10,성균관대학교
IBK기업은행,IBK 장학생,등록금,"등록금 1,000,000원 지원",2024-04-16,2024-04-19,,10,성균관대학교
영암군 미래교육재단,모범학생 장학금,등록금,"등록금 1,000,000원 지원",2024-04-17,2024-05-13,지원자격: 영암군 관내 고등학교를 졸업하고 관내 대학교에 진학(재학)한 학생,10,"목포대학교, 세한대학교, 동아보건대학교"
안산시청,안산시 대학생 등록금 반값지원사업,등록금,"등록금 최대 8학기까지, 학기당 최대 1,000,000원 지원",2024-05-02,2024-05-31,"지원자격: 
- 공고일 기준 학생과 직계 가족 1인이 안산시에 계속 3년 이상 또는 합산 10년 이상 주민등록을 두고 거주",6,
신세계,지식향연 장학생,생활비 - 타 장학 중복 O,"1,000,000원",2024-04-29,2024-05-26,,10,
한국장학재단,푸른등대 기부장학금(해외탐방),생활비 - 타 장학 중복 O,"인당 최대 2,000,000원(팀별 지원)",2024-05-03,2024-05-16,"지원자격:
- 대구·경북 소재 대학(교) 재학생 팀
- ’24년 1학기 푸른등대 기부장학금 신규·계속 장학생, 삼성기부장학금 장학생 제외",10,"경북대학교, 경운대학교, 경일대학교, 경주대학교, 계명대학교, 금오공과대학교, 김천대학교, 대구가톨릭대학교, 대구경북과학기술원, 대구대학교, 대구예술대학교, 대구한의대학교, 대신대학교, 동국대학교 WISE캠퍼스, 동양대학교, 안동대학교, 영남대학교, 영남신학대학교, 위덕대학교, 포항공과대학교, 한동대학교"
전주인재육성재단,영어능력강화사업 장학생,생활비 - 타 장학 중복 O,"6개월 간의 미국 어학 연수 최대 13,500,000원 지원",2024-05-13,2024-05-24,"지원자격: 
- 공고일(‘24. 4. 22.)기준 전주시에 주소를 두고 1년 이상 계속 거주하고 있는 전주시민의 자녀로서 전북특별자치도 관내 고등학교를 졸업한 대학생 또는 고등학교 검정고시 졸업자격을 합격한 대학생 
- 장학생으로 선발될 경우 2024년도 2학기를 휴학할 수 있는 학생",10,
신안군장학재단,일반장학생,등록금,"최대 1,500,000원",2024-05-07,2024-05-24,"지원자격:
부모님이 공고일 기준 6개월 이상 신안군에 주민등록이 되어 있고 학생 본인은 공고일 기준 신안군에 주민등록이 되어 있는 대학생",1,
신안군장학재단,긴급지원장학생,등록금,추후 결정,2024-05-07,2024-05-24,"지원자격:
- 부모님이 공고일 기준 6개월 이상 신안군에 주민등록이 되어 있고 학생 본인은 공고일 기준 신안군에 주민등록이 되어 있는 대학생
- 군 위기가정 긴급지원 대상으로 확정한 가정에 한해 지원",0,
강북구청,강북구 장학생,생활비 - 타 장학 중복 O,"2,000,000원",2024-04-29,2024-05-17,,5,
진안사랑장학재단,복지장학생,생활비 - 타 장학 중복 O,"최대 2,000,000원",2024-04-24,2024-05-21,,1,
빛고을장학재단,빛고을장학재단 장학생,생활비 - 타 장학 중복 O,"1,500,000원",2024-04-29,2024-05-28,,1,"광신대학교, 광주과학기술원, 광주대학교, 광주여자대학교, 남부대학교, 송원대학교, 전남대학교, 조선대학교, 호남대학교, 호남신학대학교"
화성시인재육성재단,주거비지원 장학생,생활비 - 타 장학 중복 O,"2,000,000원",2024-05-07,2024-05-27,,6,"가야대학교, 가톨릭관동대학교, 가톨릭꽃동네대학교, 강릉원주대학교, 강원대학교, 건국대학교 글로컬캠퍼스, 건양대학교, 경남대학교, 경동대학교, 경북대학교, 경상국립대학교, 경성대학교, 경운대학교, 경일대학교, 경주대학교, 계명대학교, 고려대학교 세종캠퍼스, 고신대학교, 공주대학교, 광신대학교, 광주가톨릭대학교, 광주과학기술원, 광주대학교, 광주여자대학교, 군산대학교, 극동대학교, 금강대학교, 금오공과대학교, 김천대학교, 나사렛대학교, 남부대학교, 남서울대학교, 대구가톨릭대학교, 대구경북과학기술원, 대구대학교, 대구예술대학교, 대구한의대학교, 대신대학교, 대전가톨릭대학교, 대전대학교, 대전신학대학교, 동국대학교 WISE캠퍼스, 동명대학교, 동서대학교, 동신대학교, 동아대학교, 동양대학교, 동의대학교, 목원대학교, 목포가톨릭대학교, 목포대학교, 목포해양대학교, 배재대학교, 백석대학교, 부경대학교, 부산가톨릭대학교, 부산대학교, 부산외국어대학교, 부산장신대학교, 상지대학교, 서원대학교, 선문대학교, 세명대학교, 세한대학교, 송원대학교, 순천대학교, 순천향대학교, 신라대학교, 안동대학교, 연세대학교 미래캠퍼스, 영남대학교, 영남신학대학교, 영산대학교, 영산선학대학교, 예수대학교, 예원예술대학교, 우석대학교, 우송대학교, 울산과학기술원, 울산대학교, 원광대학교, 위덕대학교, 유원대학교, 을지대학교, 인제대학교, 전남대학교, 전북대학교, 전주대학교, 제주국제대학교, 제주대학교, 조선대학교, 중부대학교, 중원대학교, 창신대학교, 창원대학교, 청주대학교, 초당대학교, 충남대학교, 충북대학교, 포항공과대학교, 한국과학기술원, 한국교원대학교, 한국교통대학교, 한국국제대학교, 한국기술교육대학교, 한국에너지공과대학교, 한국전통문화대학교, 한국침례신학대학교, 한국해양대학교, 한남대학교, 한동대학교, 한라대학교, 한림대학교, 한밭대학교, 한서대학교, 한일장신대학교, 호남대학교, 호남신학대학교, 호서대학교"
화성시인재육성재단,해외유학생 장학금(비아시아 대학),생활비 - 타 장학 중복 O,"최대 10,000,000원",2024-05-07,2024-05-29,"지원대상:
- 2024년 2학기 해외대학 진학(예정) 학생
- 본인 또는 부모·친권자 중 1명이 주민등록상 공고일 기준 1년 이상 화성시에 계속 거주",10,
서강대학교,호연지기 장학생,생활비 - 타 장학 중복 O,"최대 3,000,000원",2024-05-03,2024-05-09,"지원대상:
여름방학에 해외 배낭여행을 계획하는 학생",6,서강대학교
시흥시인재양성재단,희망장학생,생활비 - 타 장학 중복 O,"2,000,000원",2024-04-24,2024-05-31,"지원자격:
학생 또는 법정보호자(부 또는 모) 공고일 기준 시흥시 1년 이상 연속적으로 거주",5,
시흥시인재양성재단,시흥대학 장학생,생활비 - 타 장학 중복 O,"2,000,000원",2024-05-07,2024-05-23,"지원대상:
시흥시에 3년 이상 연속적으로 거주중인 자",8,한국공학대학교
순창군옥천장학회,순창군 대학생 생활지원금 지원 사업,생활비 - 타 장학 중복 O,"학기당 최대 2,000,000원",2024-05-01,2024-05-17,"지원자격:
- 순창 관내 초, 중, 고등학교를 졸업하고 공고일 현재 1년 이상 본인과 부 또는 모가 순창군에 주민등록이 되어 있는 자
- 또는 관외 고등학교를 졸업하고 현재 본인은 1년 이상, 부 또는 모가 순창군에 3년 이상 계속하여 주민등록이 되어 있는 자
(순창군에 머문 기간 따라 지원금 상이)",10,
강화군청,강화군 대학생 등록금 지원사업,등록금,"등록금 연 최대 2,000,000원 지원",2024-05-13,2024-05-27,"지원자격:
대학생과 보호자 모두 강화군에 주소를 두고 3년이상 계속 거주",8,
대구대학교,손석용열사추모사업회 장학생,생활비 - 타 장학 중복 O,"1,000,000원",2024-05-08,2024-05-26,,10,대구대학교
횡성인재육성장학회,횡성군 등록금 지원사업,등록금,"등록금 최대 3,000,000원 지원",2024-05-27,2024-06-10,"지원자격:
학생 또는 학생의 보호자가 3년이상 계속해서 횡성군에 주소를 두고, 실거주하고 있는 자",10,
평택시 장학재단,특기장학생,생활비 - 타 장학 중복 O,"1,000,000원",2024-05-13,2024-05-24,"지원자격:

직전년도 공신력 있는 기관(정부 중앙 부처 및 지자체 등)이 주최·주관한 대회에서 장려 또는 3위 이상 입상한 학생",10,
강남장학회,2학기 강남장학회 장학생,생활비 - 타 장학 중복 O,1학기 등록금 50% 지원,2024-05-20,2024-06-16,,10,"가천대학교, 가톨릭대학교, 감리교신학대학교, 강남대학교, 강서대학교, 건국대학교, 경기대학교, 경희대학교, 고려대학교, 광운대학교, 국민대학교, 단국대학교, 대진대학교, 덕성여자대학교, 동국대학교, 동덕여자대학교, 루터대학교, 명지대학교 자연캠퍼스, 삼육대학교, 상명대학교, 서강대학교, 서경대학교, 서울과학기술대학교, 서울기독대학교, 서울대학교, 서울시립대학교, 서울신학대학교, 서울여자대학교, 서울장신대학교, 서울한영대학교, 성결대학교, 성공회대학교, 성균관대학교, 성신여자대학교, 세종대학교, 수원가톨릭대학교, 수원대학교, 숙명여자대학교, 숭실대학교, 신한대학교, 아신대학교, 아주대학교, 안양대학교, 연세대학교, 용인대학교, 이화여자대학교, 장로회신학대학교, 중앙대학교, 중앙승가대학교, 차의과학대학교, 총신대학교, 추계예술대학교, 칼빈대학교, 평택대학교, 한경국립대학교, 한국공학대학교, 한국성서대학교, 한국외국어대학교, 한국체육대학교, 한국항공대학교, 한성대학교, 한세대학교, 한신대학교, 한양대학교, 한양대학교 ERICA캠퍼스, 협성대학교, 홍익대학교, 화성의과학대학교"
한양대학교,재학생 교내장학금,등록금,추후 결정,2024-05-28,2024-07-07,"자원자격:

현재 정규학기를 재학 중인 학생 중 일반가계곤란자 또는 성적우수자",10,한양대학교
경북대학교,장학사정관 장학생,등록금,추후 결정,2024-05-20,2024-05-31,"지원대상:

갑작스런 가정환경 변화로 현재 가계곤란을 겪는 학생 중 장학사정관이 장학금 지원 대상자로 추천한 학부 재학생",10,경북대학교
심명문화재단,해외문화탐방 장학생,생활비 - 타 장학 중복 O,"팀별 최대 10,000,000원 탐방비 지원",2024-05-13,2024-06-13,3명 구성의 팀으로 지원해야 함.,8,
앤코이교육재단,NCOI 5기 희망 장학생,생활비 - 타 장학 중복 O,"최대 5,000,000원",2024-07-04,2024-07-26,,10,
경희대학교,교내장학금,등록금,추후 결정,2024-06-10,2024-07-12,,10,경희대학교
삼성생명공익재단,삼성행복대상 장학생,생활비 - 타 장학 중복 O,추후 결정,2024-05-27,2024-06-19,,10,동국대학교
영우장학회,영우장학회 장학생,생활비 - 타 장학 중복 O,"2,000,000원",2024-07-01,2024-07-09,"신청자격:

가양1동,  가양2동, 가양3동, 방화3동, 등촌3동에 거주중인 대학생",10,
화성시인재육성재단,꿈드림 장학생,생활비 - 타 장학 중복 O,"1,000,000원",2024-06-03,2024-06-24,"지원자격:

본인 또는 부모·친권자 중 1명이 주민등록상 공고일 기준 1년 이상 화성시에 계속 거주한 자",6,
천안시,2024-1학기 학자금 이자지원,이자지원,한국장학재단으로 대출이자 상환,2024-06-03,2024-06-21,"신청대상:

본인의 현재(2024.6.3.) 주민등록상 주소가 천안이거나, 직계존속 1인의 주민등록상 주소가 1년 이상 천안으로 되어있는 대학교 재·휴학생",10,
동의대학교,나눔장학금,생활비 - 타 장학 중복 O,장학금 항복 별 상이,2024-06-03,2024-06-14,,1,동의대학교
익산사랑장학재단,일반장학생 (신입생),생활비 - 타 장학 중복 O,"2,000,000원",2024-06-10,2024-06-14,"지원자격:

- 봉사활동 실적 최소 1시간 이상부터 지원가능
- (택1) 고등학교 3학년 1, 2학기 성적 평균 점수 90점 이상 / 대학수학능력시험 성적 백분위 환산 점수 평균 90점 이상  ",10,
익산사랑장학재단,특별장학생 (신입생),생활비 - 타 장학 중복 O,"2,000,000원",2024-06-10,2024-06-14,"지원자격:

- 봉사활동 실적 최소 1시간 이상부터 지원가능
- - (택1) 고등학교 3학년 1, 2학기 성적 평균 점수 80점 이상 / 대학수학능력시험 성적 백분위 환산 점수 평균 80점 이상 ",2,
경희대학교,모자이크장학,생활비 - 타 장학 중복 O,"최대 2,000,000원",2024-06-17,2024-07-14,,10,경희대학교
숭실대학교,United Board 장학생,등록금,"등록금 1,537,667원 지원",2024-06-10,2024-06-14,,10,숭실대학교
굿패밀리장학재단,굿패밀리 장학생,생활비 - 타 장학 중복 O,"1,000,000원",2024-07-01,2024-07-19,"지원대상:

- 학업성적이 우수하고 성실하며 타의 모범이 되는 학생

- 가정 사정으로 인해 학비조달이 어려운 학생",10,
The가꿈,The가꿈 9기 대학생 멘토링,생활비 - 타 장학 중복 O,"3,000,000원",2024-07-02,2024-07-11,"활동내용:
- 지역아동센터 아동 대상 1:1 멘토링 진행
- 비대면 학습 멘토링 80시간, 대면 멘토링 20시간",10,"가천대학교, 가톨릭대학교, 감리교신학대학교, 강남대학교, 강서대학교, 건국대학교, 경기대학교, 경북대학교, 경희대학교, 계명대학교, 고려대학교, 광운대학교, 국민대학교, 단국대학교, 대구경북과학기술원, 대진대학교, 덕성여자대학교, 동국대학교, 동덕여자대학교, 루터대학교, 명지대학교 자연캠퍼스, 삼육대학교, 상명대학교, 서강대학교, 서경대학교, 서울과학기술대학교, 서울기독대학교, 서울대학교, 서울시립대학교, 서울신학대학교, 서울여자대학교, 서울장신대학교, 서울한영대학교, 성결대학교, 성공회대학교, 성균관대학교, 성신여자대학교, 세종대학교, 수원가톨릭대학교, 수원대학교, 숙명여자대학교, 숭실대학교, 신한대학교, 아신대학교, 아주대학교, 안양대학교, 연세대학교, 용인대학교, 이화여자대학교, 인천가톨릭대학교, 인천대학교, 인하대학교, 장로회신학대학교, 중앙대학교, 중앙승가대학교, 차의과학대학교, 총신대학교, 추계예술대학교, 칼빈대학교, 평택대학교, 한경국립대학교, 한국공학대학교, 한국성서대학교, 한국외국어대학교, 한국체육대학교, 한국항공대학교, 한성대학교, 한세대학교, 한신대학교, 한양대학교, 한양대학교 ERICA캠퍼스, 협성대학교, 홍익대학교, 화성의과학대학교"
창원시청,노동자 자녀장학금,등록금,"학기당 1,000,000원",2024-06-24,2024-07-05,"지원대상:
창원시 소재 중소기업에서 근무하고 관내에 주민등록이 되어 있는 노동자의 대학생 자녀",7,
파주시 행복장학회,사랑의열매 장학생,생활비 - 타 장학 중복 O,"500,000원",2024-06-25,2024-07-16,"지원자격:
- 경기푸른미래관 입사생
- 부모 또는 신청자(자녀)가 파주시 1년 이상 계속 거주",5,
성균관대학교,복지 사각지대 디딤돌장학금,생활비 - 타 장학 중복 O,"최대 2,000,000원",2024-07-01,2024-07-12,"신청대상:
가계곤란장학금 수혜가 필요하나, 장학재단에서 발급하는 소득분위가 없거나 현실을 제대로 반영하지 못해 장학금 혜택을 받지 못한 학생",10,성균관대학교
울산광역시청,2024 상반기 울산광역시 학자금대출 이자지원 사업,이자지원,2017년 이후 한국장학재단으로부터 신규대출 받은 「취업 후 상환 학자금대출」 및 「일반 상환 학자금대출」의 2024년 상반기(2024. 1. 1.~ 6. 30.)에 발생한 본인 부담 이자액,2024-07-04,2024-08-09,,10,
인천광역시,2024 하반기 대학생 학자금대출 이자지원,이자지원,2019년 1학기부터 한국장학재단을 통해 대출받은 학자금(등록금·생활비)의 2024년 상반기(1월~6월) 발생이자 지원 ,2024-07-15,2024-08-30,,8,
경기도청,2024년 하반기 대학생 학자금 대출이자 지원사업,이자지원,"한국장학재단에서 2010년 2학기 ~ 2024년 1학기까지 대출받은 학자금(등록금, 생활비)의 2024년 상반기(1~6월) 동안 발생한 이자 지원",2024-07-01,2024-08-16,"지원자격:
- 공고일 기준 본인 또는 직계존속 중 1명이 주민등록상 경기도에 1년 이상 거주중인 자",10,
충청남도평생교육인재육성진흥원,재능키움 장학생,생활비 - 타 장학 중복 O,"1,500,000원",2024-07-19,2024-08-08,"지원자격:
2024. 7. 8. 기준 본인 또는 부모가 충청남도에 1년 이상 계속해서 주민등록상 주소지를 둔 도내 대학교 재학생",10,"건양대학교, 공주대학교, 금강대학교, 나사렛대학교, 남서울대학교, 백석대학교, 선문대학교, 순천향대학교, 중부대학교, 한국기술교육대학교, 한국전통문화대학교, 한서대학교, 호서대학교"
횡성인재육성장학회,열정키움 장학생,생활비 - 타 장학 중복 O,"1,500,000원",2024-07-29,2024-08-07,"지원자격:
신청일 현재 본인 또는 보호자가 1년 이상 횡성군에 주소를 두고 있는 학생",10,
삼성드림클래스,삼성드림클래스 대학생멘토(파주시),생활비 - 타 장학 중복 O,"2,000,000원",2024-07-04,2024-07-16,"활동내용(6개월):
- 주 1회 방문 멘토링 + 온라인멘토링 / 방학중 온라인 멘토링
- 경기(파주, 화성), 안동, 포항 선발",10,
삼성드림클래스,삼성드림클래스 대학생멘토(화성시),생활비 - 타 장학 중복 O,"2,000,000원",2024-07-04,2024-07-16,"활동내용(6개월):
- 주 1회 방문 멘토링 + 온라인멘토링 / 방학중 온라인 멘토링
- 경기(파주, 화성), 안동, 포항 선발",10,
삼성드림클래스,삼성드림클래스 대학생멘토(안동시),생활비 - 타 장학 중복 O,"2,000,000원",2024-07-04,2024-07-16,"활동내용(6개월):
- 주 1회 방문 멘토링 + 온라인멘토링 / 방학중 온라인 멘토링
- 경기(파주, 화성), 안동, 포항 선발",10,
삼성드림클래스,삼성드림클래스 대학생멘토(포항시),생활비 - 타 장학 중복 O,"2,000,000원",2024-07-04,2024-07-16,"활동내용(6개월):
- 주 1회 방문 멘토링 + 온라인멘토링 / 방학중 온라인 멘토링
- 경기(파주, 화성), 안동, 포항 선발",10,
충북인재평생교육진흥원,성적장학생,생활비 - 타 장학 중복 O,"2,000,000원",2024-07-11,2024-08-01,"지원자격:
- 공고일 현재 1년 이상 도내에 주소를 두고 계속 거주하는 도민 또는 도민의 자녀로서 국내․외 대학생
- 성적 및 소득 고려, 고득점자 순으로 선발",10,
한국장학재단,2024-2학기 푸른등대 기부장학금,생활비 - 타 장학 중복 O,장학금 항목 별 상이,2024-07-10,2024-07-25,세부 지원자격은 기부처별로 상이하므로 홈페이지에서 확인해보시길 바랍니다.,5,
미래의동반자재단,미래의동반자재단 장학생,생활비 - 타 장학 중복 O,"1,500,000원",2024-07-11,2024-07-18,,7,충남대학교
서구인재육성재단,희망 장학생,등록금,"등록금 2,000,000원 지원",2024-07-15,2024-08-23,"지원자격:

선발공고일 현재 1년 이상 서구에 주소를 두고 거주하는 구민 또는 그 자녀",5,
군산시청,2024-2 군산시 학자금대출 이자지원,이자지원, 2016년 이후 한국장학재단에서 대출받은 학자금의 2024년 상반기 발생이자(등록금 및 생활비 포함),2024-07-15,2024-08-26,지원자격: 공고일 기준 군산시에 주민등록을 두고 있는 전국 대학 및 대학원 재(휴)학생,10,
해석장학문화재단,해석장학생,생활비 - 타 장학 중복 O,"5,000,000원",2024-08-12,2024-09-30,,10,
김해시,공항소음 대책(인근)지역 대학생 장학금 지원사업,생활비 - 타 장학 중복 O,"500,000원",2024-07-17,2024-08-16,"신청대상:
2022. 7. 10 소음대책지역 및 소음대책인근지역(주민등록상 거주지)에 거주하고 2024년 현재 국내 대학에 재학중인 세대원이 있는 가구",10,
중앙대학교동문장학재단,중앙대학교동문장학재단 장학생,생활비 - 타 장학 중복 O,"1,000,000원",2024-07-17,2024-08-16,,10,중앙대학교
양구군,2024-2 대학생 등록금 지원사업,등록금,한국장학재단 장학금 제외 후 실제 납부금액,2024-08-26,2024-09-27,"신청대상:
부 또는 모가 2021. 7. 1. 이전부터 현재까지 관내에 주소를 두고 실거주한 자",10,
재단법인 천정,유희춘 장학생,생활비 - 타 장학 중복 O,"1,800,000원",2024-08-01,2024-08-31,,10,
토성장학회,토성장학회 장학생,등록금,"1,500,000원",2024-07-25,2024-08-14,"지원자격:

공고일(2024. 7. 23.)현재 토성면에 1년 이상 주민등록을 두고 실거주중인 주민 또는 주민의 자녀",10,
횡성인재육성장학회,2024 열정키움 장학생,생활비 - 타 장학 중복 O,"1,500,000원",2024-07-29,2024-08-07,"지원자격:

신청일 기준 본인 또는 보호자가 1년 이상 횡성군에 주소를 두고 있는 대학생",10,
강원인재육성평생교육진흥원,2024 생활비 장학금,생활비 - 타 장학 중복 O,"500,000원",2024-07-30,2024-08-20,"지원자격:

강원특별자치도 내 고등학교를 졸업하고 본인이 도내 1년 이상 주민등록을 두고 있는 자",3,"가톨릭관동대학교, 강릉원주대학교, 강원대학교, 경동대학교, 상지대학교, 연세대학교 미래캠퍼스, 한라대학교, 한림대학교"
보령시청,2024년 상반기 보령시 대학생 학자금 대출이자 지원,이자지원,한국장학재단을 통한 대학 학자금 대출자에 한하여 2024. 1. 1.~ 6. 30.발생 학자금 대출 이자분 지원,2024-07-17,2024-08-09,"지원자격:
본인 또는 부모가 공고일 기준 1년 이상 보령시에 주민등록이 되어있는 재학생",10,
제주특별자치도,제주특별자치도 하반기 학자금 대출이자 지원사업,이자지원,2010년부터 한국장학재단을 통해 대출받은 학자금에 대한 2024년 1월~6월 발생이자 전액,2024-07-01,2024-09-30,"지원대상:

도내 고등학교를 졸업하였거나, 2024. 1. 1일 이전부터 제주도에 주민등록 되어있는 자",10,
충북인재평생교육원,2024년 상반기 충청북도 대학생 학자금대출 이자지원,이자지원,"한국장학재단을 통해 대출받은 학자금(등록비, 생활비)의 2024년 1월 1일부터 6월 30일까지 발생한 이자 지원",2024-07-15,2024-08-30,"지원자격:

2024.7.15일 기준으로 본인 또는 직계존속이 계속하여 1년 이상 충북도내에 주소를 두고 거주하는 국내대학 재학생(휴학생)",8,
충청남도평생인재육성진흥원,2024 학자금 대출이자 지원사업,이자지원,2023년 7월 ~ 2024년 6월까지 학자금 대출 중 발생한 대출이자 전액지원,2024-09-09,2024-09-27,"지원자격:

2024.8.1 공고일 기준 본인 및 부모가 충청남도에 1년 이상 계속해서 주민등록상 주소지를 둔 자",10,
이화여자대학교,옴부즈만 장학금,등록금,추후 결정,2024-08-14,2024-08-21,"신청자격:
대한민국 국적의 학부 정규등록생 및 학점등록생 중 가계곤란 또는 가계부도 등 긴급 상황으로 인해 등록금 마련이 어려운 학생",1,이화여자대학교
진주시,2024 하반기 진주시 대학생 학자금 이자지원,이자지원,대출시점 2017년 1학기부터 한국장학재단에서 받은 학자금 대출의 2024년 상반기(24. 1. 1. ~ 6. 30.) 동안 발생한 이자 지원,2024-08-05,2024-08-23,"신청자격:

공고일 기준으로 본인이 진주시에 주민등록이 되어 있는 경우나, 부모(부모가 없는 경우 직계존속)가 공고일 기준으로 1년 이상 진주시에 주민등록이 되어 있는 자 ",10,
강원인재육성평생교육진흥원,2024 강원특별자치도 학자금대출 이자지원 장학금,이자지원,한국장학재단으로부터 실행한 학자금 대출 중 ′23년도 하반기와′24년도 상반기(′23. 7. 1.~′24. 6. 30.) 동안의 발생 이자 지원,2024-07-29,2024-09-06,"지원자격:

2024.7.26. 기준, 본인 또는 부모가 주민등록초본 상 강원특별자치도에 1년 이상 계속해서 주소지를 두고 있는 자",10,
경상남도청,2024 경상남도 대학생 대출이자 지원사업,이자지원,"학자금의 2023년 하반기(7~12월), 2024년(1~6월) 발생이자 지원",2024-08-01,2024-09-13,"지원자격:

경상남도내 주민등록지를 두고 도내대학에 재·휴학 중인 대학생 ",8,"가야대학교, 경남대학교, 경상국립대학교, 부산장신대학교, 영산대학교, 인제대학교, 창신대학교, 창원대학교, 한국국제대학교"
부산광역시,2024 부산광역시 학자금대출 이자지원,이자지원,학자금대출의 ′23년 7월~′24년 6월까지 발생이자(1년분) 지원,2024-08-05,2024-09-06,"지원대상:

2024. 8. 5. 기준 부산지역 소재 대학교에 재학 또는 휴학중인 자",10,"경성대학교, 고신대학교, 동명대학교, 동서대학교, 동아대학교, 동의대학교, 부경대학교, 부산가톨릭대학교, 부산대학교, 부산외국어대학교, 신라대학교, 한국해양대학교"
강진군민장학재단,강진군민장학재단 장학생,등록금,"2,000,000원",2024-08-07,2024-08-30,"신청자격:

2024. 8. 6 기준 본인 또는 보호자가 강진군 내에 1년 이상 주소를 두고 실제 거주하고 있고, 강진군 관내 고등학교를 졸업하여 현재 재학중인 대학생",10,
백운장학회,백운장학회 장학생,등록금,장학금 항목 별 상이,2024-08-01,2024-08-30,"신청자격:
2024. 8. 1 기준 부모 또는 보호자가 광양시에 1년 이상 주소를 두고 있는 자
(대학생의 경우 본인에 한하여 관외 거주 인정)",10,
전남인재평생교육진흥원,2024-1 전라남도 대학생 학자금대출 이자지원,이자지원,"2024년 1월 ~ 6월(상반기)에 발생한 한국장학재단 학자금(등록금, 생활비) 대출의 이자 전액",2024-08-05,2024-09-27,"지원자격:

2024. 8. 5 기준 본인 또는 직계존속이 1년 이상 도에 주민등록이 되어 있는 국내 대학 재학생 및 휴학생",10,
천안사랑장학재단,천안사랑장학재단 장학생,생활비 - 타 장학 중복 O,장학금 항목 별 상이,2024-08-28,2024-09-06,"신청자격:
2024. 8. 5. 현재 본인이나 부 또는 모, 보호자가 천안시에 1년 이상 계속해서 주민등록을 두고 거주하는 국내 대학 재학생",10,
한용교장학재단,한용교장학재단 장학금,등록금,"2,000,000원",2024-08-05,2024-08-16,,10,
현대해상화재보험,현대해상 마음한글 멘토링 자원봉사,생활비 - 타 장학 중복 O,"1,000,000원",2024-07-29,2024-08-18,"신청자격:
천안/아산, 울산, 안산, 서울 지역에서 4개월간 멘토링 활동이 가능한 대학 소속 재학생",10,
한국장학재단,2024 대한민국 인재상,생활비 - 타 장학 중복 O,"최대 3,000,000원",2024-07-31,2024-09-01,"지원자격: 지혜와 열정으로 탁월한 성취를 이루며, 창의적 사고로 새로운 가치를 창출하고, 배려와 공동체 의식 등을 갖춘 우수 인재",10,
숭실대학교 교수협의회,교수협의회 장학금,생활비 - 타 장학 중복 O,"1,000,000원",2024-09-02,2024-10-02,"지원자격:
1) 학술영역 진리상: 전공영역과 관련하여 대외적으로 학교의 명예를 드높이거나, 대내적으로 전공과 관련한 학술활동에 적극적으로 참여한 자.   
2) 봉사영역 봉사상: 봉사활동을 통하여 국가 및 지역 사회에 도움을 주고자 적극적으로 활동함으로써 학교의 명예를 드높인 자.  ",10,숭실대학교
진주시,2024-2 진주시 대학생 학자금 대출이자 지원사업,이자지원,대출시점 2017년 1학기부터 한국장학재단에서 받은 학자금 대출의 2024년 상반기(24. 1. 1. ~ 6. 30.) 동안 발생한 이자 지원,2024-08-05,2024-08-23,지원자격: 학자금 대출이자 지원 공고일 현재 본인이 진주시에 주민등록이 되어 있는 경우나 부모(부모가 없는 경우 직계존속)가 공고일 기준으로 1년 이상 진주시에 주민등록이 되어 있는 대학생,10,
무안군 승달장학회,승달장학회 장학생,생활비 - 타 장학 중복 O,"1,500,000원",2024-08-21,2024-09-06,"신청자격:

2024. 08. 13. 기준 부모가 무안군에 주소를 두고 1년 이상 계속 거주하거나, 부모 중 한사람이 무안군에 주소를 두고 5년 이상 계속 거주한 군민의 자녀",10,
세종인재평생교육진흥원,세종시 장학생,생활비 - 타 장학 중복 O,"1,000,000원",2024-08-26,2024-10-04,,10,
세종인재평생교육진흥원,2024-2 세종시 학자금 대출 이자지원,이자지원,한국장학재단 학자금 대출에 따른 이자액 중 2024. 1. 1. ~ 6. 30.(상반기)에 발생한 대출이자,2024-08-20,2024-09-23,"신청자격:

2024. 08. 20. 기준 부·모 또는 본인이 1년 이상 세종시 계속 거주자",10,
인천인재평생교육진흥원,인천 청년 해외 배낭연수 장학생,생활비 - 타 장학 중복 O,"팀당 8,000,000원의 경비 지원",2024-08-26,2024-09-18,"지원자격:

부모 또는 본인의 주소지가 1년 이상 인천에 등록되어 있거나, 인천 관내 고등학교 졸업자 또는 인천소재 대학에 재적 중인 자",10,
전주시,2024-2 전주시 대학생 학자금 대출이자 지원,이자지원,2016년부터 한국장학재단에서 받은 학자금의 대출이자(생활비 포함),2024-08-26,2024-09-25,"지원대상:

2024. 08. 26. 기준 전주시 관내에 주민등록 주소를 둔 대학생",10,
정암재단,정암재단 장학생,생활비 - 타 장학 중복 O,"1,000,000원",2024-08-20,2024-09-30,,10,
파안장학문화재단법인,파안장학문화재단법인 장학생,생활비 - 타 장학 중복 O,"2,000,000원",2024-09-23,2024-09-27,"지원대상:

본인 또는 부모가 청양 출신인 대학생",10,
포항시장학회,인재육성장학금(대학),등록금,"등록금 2,000,000원 지원",2024-08-27,2024-09-25,"신청자격:

2024. 08. 27. 기준으로 본인 또는 그 보호자가 1년 이상 계속하여 포항시에 주민등록이 되어 있는 자
(서울 포항학사 입사생은 제외)",10,
광주광역시,2024-2 광주광역시 대학생 학자금 대출이자 지원,이자지원, 2017년 1학기부터 2024년 1학기까지 한국장학재단으로부터 대출받은 일반 상환 학자금 및 취업 후 상환 학자금 대출금의 2024년 상반기(1월~6월)동안 발생한 이자 지원,2024-08-27,2024-09-30,"신청대상:

2024. 08. 27. 기준 본인 또는 직계존속이 광주광역시에 1년 이상 주민등록이 되어 있고, 광주광역시 소재 대학교에 재학 및 휴학 중인 자",10,"광신대학교, 광주과학기술원, 광주대학교, 광주여자대학교, 남부대학교, 송원대학교, 전남대학교, 조선대학교, 호남대학교, 호남신학대학교"
부여군굿뜨래장학회,부여군굿뜨래장학회 장학생,생활비 - 타 장학 중복 O,"2,000,000원",2024-08-26,2024-09-06,"지원대상:

2024. 08. 26. 기준 1년 전부터 부여군에 주소를 둔 군민 또는 군민의 자녀 대학교에 재학중인 학생",10,
상주시장학회,상주시장학회 장학생,생활비 - 타 장학 중복 O,"최대 2,000,000원",2024-09-02,2024-09-27,"선발대상:

2024. 08. 26. 기준 부모 또는 본인이 1년 이상 상주시 관내 거주 중인 대학 재학생",10,
송재욱장학기금,송재옥장학기금 장학생,등록금,"등록금 1,000,000원 지원",2024-08-30,2024-09-08,"지원대상:

탈북 출신 또는 강원도 출신 재학생",6,경희대학교
대구광역시,2024-1 대구광역시 학자금대출 이자지원,이자지원,2009년 2학기 이후 한국장학재단으로부터 대출받은 일반 상환 및 취업 후 상환 학자금 대출액의 ‘2023년 하반기(7~12월) 발생이자 ~ 2024년 상반기(1월~6월) 발생이자’,2024-08-26,2024-09-20,"지원대상:

2024. 8. 24. 기준 직계존손이나 학생 본인이 주민등록상 대구시 거주",10,
음성군장학회,군민평생장학생,생활비 - 타 장학 중복 O,"300,000원",2024-09-02,2024-09-25,"신청대상:

2024. 8. 30. 기준 1년 이상 음성군에 주민등록상 주소지를 두고 계속 거주하는 군민으로 2024년 시행된 중졸 또는 고졸 검정고시를 합격한 민법상 성인(만19세 이상)",10,
무주군교육발전장학재단,무주군교육발전장학재단 장학생,생활비 - 타 장학 중복 O,"1,000,000원",2024-09-02,2024-09-27,"지원대상:

관내 고등학교를 졸업하고, 대학에 진학한 대학교 1 ~ 4학년 재학생(6년제 포함)",10,
안산인재육성재단,안산시 하반기 장학생,생활비 - 타 장학 중복 O,장학금 항목 별 상이,2024-09-02,2024-09-13,,10,
순창군옥천장학회,순창군 대학생 생활지원금,생활비 - 타 장학 중복 O,"최대 2,000,000원",2024-09-02,2024-09-06,,10,
한진해운장학재단,한진해운장학재단 장학생,등록금,"등록금 2,000,000원 지원",2024-09-09,2024-09-27,,5,
근농인재육성재단,근농인재육성재단 장학생,등록금,"최대 3,000,000원 지원",2024-09-09,2024-10-11,"신청대상:

2024. 9. 2. 기준 부안군 지역 고등학교 졸업자(부·모 모두 주소 1년 이상 연속 부안군 거주) 또는 

그 외 지역 고등학교 졸업자(부·모 모두 주소 3년 이상 연속 부안군 거주)",10,
영양군인재육성장학회,영양군인재육성장학회,생활비 - 타 장학 중복 O,장학금 항목 별 상이,2024-09-02,2024-09-27,"지원대상:

2024. 9. 2. 부모 또는 보호자(부모가 없는 경우)가 연속하여 3년 이상 영양군에 주소를 두고 있는 자",10,
하남교육재단,하남교육재단 장학생,등록금,"등록금 1,000,000원 지원",2024-09-06,2024-09-20,"신청대상:

2024. 9. 2. 기준 2년이상 하남시에 주소를 두고 계속 거주하고 있는 시민 또는 시민의 자녀",10,
통영시청,2024-2 통영시 대학생 학자금 이자지원,이자지원,2013년 8월 1일 이후에 한국장학재단에서 받은 대출금에 대해 2024. 1. 1.~ 2024. 6. 30.까지 발생한 대출이자,2024-09-02,2024-09-25,"지원대상:

- 본인이 1년 이상, 직계존속이 3년 이상 통영시에 주민등록이 되어 있고, 통영시 소재 고등학교를 졸업한 사람

- 통영시 소재 대학에 재(휴)학 중인 학생으로서 1년 이상(1학년은 3개월 이상) 통영시에 주민등록이 되어 있는 사람",10,
대관령꿈나무장학회,대관련꿈나무장학회 장학생,생활비 - 타 장학 중복 O,추후 결정,2024-09-19,2024-09-25,"신청대상:
2024. 9. 2. 기준 학생 또는 보호자의 주소가 계속해서 2년 이상 대관령면으로 되어 있는 자",10,
대전청년내일재단,거주비지원 장학생,생활비 - 타 장학 중복 O,"최대 1,500,000원",2024-09-04,2024-10-04,"지원자격:

- 2024. 9. 4. 기준 본인 또는 부모가 1년 이상 계속해서 대전광역시에 주소를 두고, 대전을 제외한 타 지역의 국내 대학교에 재학중인 자
- 가족 또는 본인 명의로 소속 학교 인근 주소지에 거주계약 확인 가능한 자",10,
대전청년내일재단,청년희망 장학생,이자지원,"한국장학재단을 통해 본인이 신청한 학기의 대출금 원금 상환 (최대 1,000,000원)",2024-09-04,2024-10-04,"지원자격:

- 2024. 9. 4. 기준 본인 또는 부모가 1년 이상 계속해서 대전광역시에 주소를 둔 자
- (재)한국장학재단으로부터 학자금 대출(등록금, 생활비)을 받고 상환하고자 하는 학기의 대출 잔액이 남은 학생",10,
서대문구,카페 폭포 행복장학생,생활비 - 타 장학 중복 O,"3,000,000원",2024-09-03,2024-09-20,"신청 자격:

- 2024.9.3. 기준 계속해서 1년 이상 서대문구에 주민등록이 되어 있는 관외 대학교 재학생

- 2024.9.3. 기준 서대문구 관내에 소재한 대학교 재학생",5,
유한재단,유한재단 장학생,생활비 - 타 장학 중복 O,"3,000,000원",2024-09-03,2024-09-09,,5,서강대학교
마포인재육성장학재단,마포인재육성장학재단 장학생,등록금,"최대 3,000,000원",2024-09-23,2024-09-27,"신청 자격:
2024.8.29. 현재 계속하여 6개월 이상 마포구에 거주하고 있는 대학교 재학생",10,
춘천시민장학재단,봄내장학생,등록금,"등록금 최대 1,000,000원",2024-09-19,2024-09-27,"지원자격:
2024. 9. 6. 기준 주민등록 주소지가 1년 이상 춘천시에 등록된 시민 또는 그 자녀로서 대학(교)에 재학 중인 학생",10,
강원인재육성평생교육진흥원,주거비 장학생(타지역출신),생활비 - 타 장학 중복 O,"1,000,000원",2024-09-05,2024-09-30,"지원자격:
- 강원특별자치도 내 1년 이상 주민등록을 두고 있는 도내 대학교 재학생
- 본인 또는 보호자 명의로 소속 학교 소재 지역에 4개월 이상 계약을 체결하고 거주한 자 또는 거주 중인 자",10,"가톨릭관동대학교, 강릉원주대학교, 강원대학교, 경동대학교, 상지대학교, 연세대학교 미래캠퍼스, 한라대학교, 한림대학교"
준제장학회,키움나무 장학생,생활비 - 타 장학 중복 O,"500,000원",2024-09-09,2024-10-04,,10,
국민대학교 기독총동문회,기독총동문회장학생,생활비 - 타 장학 중복 O,"1,500,000원",2024-09-10,2024-09-18,,10,국민대학교
원장재단,원장재단 장학생,등록금,"등록금 5,000,000원",2024-09-10,2024-10-31,,8,"감리교신학대학교, 강서대학교, 건국대학교, 경희대학교, 고려대학교, 광운대학교, 국민대학교, 덕성여자대학교, 동국대학교, 동덕여자대학교, 삼육대학교, 상명대학교, 서강대학교, 서경대학교, 서울과학기술대학교, 서울기독대학교, 서울대학교, 서울시립대학교, 서울여자대학교, 서울한영대학교, 성공회대학교, 성균관대학교, 성신여자대학교, 세종대학교, 숙명여자대학교, 숭실대학교, 연세대학교, 이화여자대학교, 장로회신학대학교, 중앙대학교, 총신대학교, 추계예술대학교, 한국성서대학교, 한국외국어대학교, 한국체육대학교, 한성대학교, 한양대학교, 홍익대학교"
김해시미래인재장학재단,공익인재 장학금,생활비 - 타 장학 중복 O,"500,000원",2024-09-10,2024-09-25,"신청자격:
(2024.9.10.) 현재 보호자 또는 본인이 김해시에 만 1년전부터 계속하여 거주 중인 자
총 누적 봉사시간이 200시간 이상이며 2023년 1년간 50시간 이상인 자",10,"가야대학교, 부산장신대학교, 인제대학교"
(주)제일하이텍,제일하이텍 장학생,생활비 - 타 장학 중복 O,"2,000,000원",2024-09-13,2024-09-27,,5,숭실대학교
(재)고창군장학재단,고창군 장학생,등록금,추후 결정,2024-09-12,2024-10-18,"신청자격:
(2024.9.12.)현재 1년 이상 고창군에 주민등록을 두며 대학에 재학 중인 자",10,
세종인재평생교육진흥원,모범장학금,생활비 - 타 장학 중복 O,"1,000,000원",2024-08-26,2024-10-04,"신청자격:
세종시 관내 대학생 및 세종시민 자녀",6,
논산시장학회,학업장려 장학금,생활비 - 타 장학 중복 O,"1,000,000원",2024-09-23,2024-10-25,"신청자격:
논산시에 1년 이상 주소를 두고 실제 거주하는 주민 또는 자녀로서 국내 정규 대학교(2년제 포함)의 신입생 또는 재학생",10,
논산시장학회,지역대학 장학금,생활비 - 타 장학 중복 O,"2,000,000원",2024-09-23,2024-10-25,"신청자격:
논산시에 1년 이상 주소를 두고 실제 거주하는 주민 또는 자녀로서 국내 정규 대학교(2년제 포함)의 신입생 또는 재학생",10,"건양대학교, 금강대학교"
안산인재육성재단,등록금 반값지원 장학금(일반),등록금,"등록금 최대 1,000,000원",2024-10-21,2024-11-22,"신청자격:
(2024.9.23.)현재 안산시에 주민등록이 되어 있고 3년 이상 계속 거주 또는 합산 10년 이상 거주하고 있는 자",6,
연산1동 장학회,중소상인 자녀 장학생,생활비 - 타 장학 중복 O,"1,000,000원",2024-09-25,2024-10-11,"신청자격:
주소지 또는 사업자등록지가 연산1동일 것",10,
서강대학교,김의기 장학생,생활비 - 타 장학 중복 O,"2,000,000원",2024-09-27,2024-11-01,,10,서강대학교
진안군,2024-2 진안군 대학생 학자금 이자지원,이자지원,한국장학재단에서 2016년 이후 지원받은 학자금 대출의 '23. 하반기 이자발생분 지원,2024-10-01,2024-10-30,"신청자격:
학자금 대출 신청일 기준 현재 부모가 1년 이상 진안군에 주민등록이 되어 있는 자",10,
노수석 추모사업회,노수석 추모사업회 장학금,생활비 - 타 장학 중복 O,"2,000,000원",2024-10-08,2024-10-27,,10,연세대학교
오산교육재단,귀뚜라미 장학생(희망인재),생활비 - 타 장학 중복 O,"1,000,000원",2024-10-21,2024-10-23,"신청자격:
본인 또는 친권자 중 1명이 (2024.10.7.)기준 주민등록상 오산시에 거주하고 관내 고등학교를 졸업한 재학생",1,
원덕읍 향토장학회,원덕읍 장학생,생활비 - 타 장학 중복 O,추후 결정,2024-10-04,2024-10-18,"신청자격:
(2024.10.4.)기준 본인 또는 부모가 원덕읍 관내에 3년이상 주민등록상 거주하고 있으며 관내 중,고등학교를 졸업한 재학생",10,
양천구,공항소음대책지역 장학생,생활비 - 타 장학 중복 O,"2,000,000원",2024-10-10,2024-10-25,"신청자격:
소음대책지역(신월1·3·4·6·7동, 신월2·5동, 신정1·3·7동) 내 1년 이상 거주 중인 대학생",10,
고창군,학자금 대출 이자지원,이자지원,2017년 8월 1일 이후 대출금액에 대해서 2024년 상반기 이자발생분 지원,2024-10-07,2024-10-31,"신청자격:
부모가 2년 이상 고창군에 주민등록이 되어 있는 사람",10,
왕십리2동 장학회,왕십리2동 장학금,생활비 - 타 장학 중복 X,추후 결정,2024-10-07,2024-11-01,"신청자격:
관내에 주소를 두고 추천일 현재 1년 이상 거주하는 대학생",10,
횡성인재육성장학회,횡성군 장학생,등록금,"등록금 최대 3,000,000원",2024-11-01,2024-11-15,"신청자격:
지급기준일(2024.11.15.)에 본인 또는 보호자가 3년이상 계속해서 횡성군에 주소를 두고 실거주하는 학생",10,
복성장학회,복성장학회 장학생,생활비 - 타 장학 중복 O,"2,000,000원",2024-10-14,2024-11-01,,4,
우강장학재단,우강장학재단 장학생,생활비 - 타 장학 중복 O,"2,000,000원",2024-10-16,2024-10-23,,8,국민대학교
의령군장학회,학자금대출 이자지원,이자지원,2016년 10월 19일 이후 한국장학재단에서 대출받은 학자금의 2023년 발생한 대출 이자,2024-10-14,2024-11-08,"신청자격:
(2024.10.14.)현재 본인 또는 직계존속이 의령군에 1년 이상 주민등록을 두고 있는 대학생",10,
중구농협장학회,중구농협 장학생,생활비 - 타 장학 중복 O,추후 결정,2024-10-23,2024-10-29,"신청자격:
본인 및 부모가 관내에 주소지를 둔 대학생",10,
한미장학재단,한미장학재단 장학생,생활비 - 타 장학 중복 O,"4,000,000원",2024-10-18,2024-10-31,,5,경희대학교
익산시,학자금 대출이자 지원,이자지원,"2017년부터 한국장학재단으로부터 대출받은 학자금(등록금, 생활비)의 ’24년 상반기 발생 이자 지원",2024-10-23,2024-11-01,"신청자격:
공고일(‘24. 10. 18.) 현재 익산시에 주민등록이 되어있는 전국 대학생 중, 2017년부터 한국장학재단으로부터 학자금 대출을 받은 학생(재학생, 휴학생)",10,
해운대구,해운대구 장학금(2순위),생활비 - 타 장학 중복 O,"2,000,000원",2024-10-21,2024-10-30,"신청자격:

추천일 기준 해운대구 관내에 계속하여 1년 이상 거주하고 주민등록이 되어 있는 자",5,동아대학교
해운대구,해운대구 장학금(2순위),생활비 - 타 장학 중복 O,"2,000,000원",2024-10-24,2024-10-28,"신청자격:

만 24세 이하의 해운대구에 거주하는 대학생",5,동의대학교
옥한흠장학회,옥한흠 장학금,생활비 - 타 장학 중복 X,"최대 5,000,000원",2024-10-21,2024-11-11,,8,
가천인장학재단,가천사랑장학금,생활비 - 타 장학 중복 O,추후 결정,2024-10-24,2024-11-08,,1,가천대학교
양산시,양산시 학자금 대출 이자지원,이자지원,"2023년 하반기, 2024년 상반기 발생 이자",2024-10-14,2024-11-13,"신청자격:
신청일 기준 본인 또는 부모 중 한 명이 1년 이상 양산시에 주민등록이 되어 있는 자",10,
비케이장학재단,비케이장학재단 장학생,생활비 - 타 장학 중복 X,"3,000,000원",2024-11-11,2024-11-12,,2,강원대학교
백산장학재단,백산장학재단 장학금,생활비 - 타 장학 중복 X,추후 결정,2024-11-08,2024-11-21,,10,
영우장학회,영우장학회 장학생,생활비 - 타 장학 중복 X,"2,000,000원",2024-11-19,2024-11-25,"신청자격:
2024년 11월 현재 가양1동, 가양2동, 가양3동, 방화3동, 등촌3동에 1년이상 거주하는 자",8,
명정장학재단,동지 장학생,생활비 - 타 장학 중복 O,"1,000,000원",2024-11-11,2024-12-05,자신의 꿈을 향해 도전하고 학업에 대한 기본적인 소양과 성실함을 갖춘 학생이면 누구나 지원가능,10,
평택시장학재단,특별 장학생,생활비 - 타 장학 중복 O,"5,000,000원",2024-11-20,2024-11-26,"신청자격:
(24.11.12.) 기준 평택시에 주민등록을 두고 1년이상 거주하고 있는 자 또는 그 자녀",5,
숭실대학교,직원 추천 장학생,생활비 - 타 장학 중복 O,"1,000,000원",2024-11-18,2024-11-29,,5,숭실대학교
경산시,경산시 대학생 학자금대출 이자지원,이자지원,‘20년 이후 한국장학재단 신규 학자금대출의 ‘23년 하반기 및 ‘24년 상반기 발생 이자,2024-11-13,2024-11-27,"신청자격:
(24.11.13.) 기준 본인이 경산시에 계속해서 2년 이상 주민등록이 되어 있고, 대학교에 재학중인 자",10,
인하대학교,학자금대출이자면제장학금,이자지원,대출 이자율에 해당하는 최대 12개월분의 발생 이자,2024-11-20,2024-12-03,,10,인하대학교
전남인재평생교육진흥원,영호남 상생 장학생,생활비 - 타 장학 중복 O,"2,000,000원",2024-11-18,2024-11-28,"신청자격:
보호자(부 또는 모, 후견인) 또는 학생 본인이 1년 이상 전라남도에 주소를 두고 있으며, 전남 소재 대학에 재학 중인 대학생",10,"광주가톨릭대학교, 동신대학교, 목포가톨릭대학교, 목포대학교, 목포해양대학교, 세한대학교, 순천대학교, 영산선학대학교, 초당대학교, 한국에너지공과대학교"
강화군,강화군 장학금,등록금,"등록금 최대 1,000,000원 지원",2024-11-20,2024-12-02,"신청자격:
대학생과 보호자 모두 (24.11.20.) 현재 강화군에 주소를 두고 3년 이상 계속 거주",10,
강남장학회,강남장학회 장학생,등록금,최대 등록금 100% 지원,2024-12-02,2024-12-29,,10,"가천대학교, 가톨릭대학교, 감리교신학대학교, 강남대학교, 강서대학교, 건국대학교, 경기대학교, 경희대학교, 고려대학교, 광운대학교, 국민대학교, 단국대학교, 대진대학교, 덕성여자대학교, 동국대학교, 동덕여자대학교, 루터대학교, 명지대학교 자연캠퍼스, 삼육대학교, 상명대학교, 서강대학교, 서경대학교, 서울과학기술대학교, 서울기독대학교, 서울대학교, 서울시립대학교, 서울신학대학교, 서울여자대학교, 서울장신대학교, 서울한영대학교, 성결대학교, 성공회대학교, 성균관대학교, 성신여자대학교, 세종대학교, 수원가톨릭대학교, 수원대학교, 숙명여자대학교, 숭실대학교, 신한대학교, 아신대학교, 아주대학교, 안양대학교, 연세대학교, 용인대학교, 이화여자대학교, 장로회신학대학교, 중앙대학교, 중앙승가대학교, 차의과학대학교, 총신대학교, 추계예술대학교, 칼빈대학교, 평택대학교, 한경국립대학교, 한국공학대학교, 한국성서대학교, 한국외국어대학교, 한국체육대학교, 한국항공대학교, 한성대학교, 한세대학교, 한신대학교, 한양대학교, 한양대학교 ERICA캠퍼스, 협성대학교, 홍익대학교, 화성의과학대학교"
IBK기업은행,IBK기업은행 장학생,등록금,"등록금 1,000,000원 지원",2024-12-03,2024-12-05,,10,성균관대학교
인슐레이션코리아 드림재단,인슐레이션코리아 드림재단 장학생,생활비 - 타 장학 중복 O,"1,000,000원",2024-12-30,2025-01-08,,10,
유한재단,유한재단 장학생,등록금,2025 등록금 100% 지원,2024-12-10,2024-12-31,"신청자격:
국비 또는 타 장학금을 받고 있지 않거나, 학비 면제자가 아닌 학생",5,성균관대학교
우인장학재단,우인장학생,등록금,"등록금 전액 지원 + 3,000,000원",2025-01-02,2025-02-11,,1,
굿패밀리복지재단,굿패밀리 장학생,생활비 - 타 장학 중복 O,"1,000,000원",2025-01-02,2025-02-03,"신청자격:
- 학업성적이 우수하고 성실하며 타의 모범이 되는 학생
-가정사정으로 인하여 학비조잘이 어려운 학생
-비전을 갖고 선한영향력을 나눌 수 있는 학생",10,
강원대학교,2025-1학기 재학생 우선감면장학금 ,등록금,등록금 차등 지원,2025-01-13,2025-01-24,장학금 금액 및 성적기준 항목 별 상이,10,강원대학교
사람사는세상 노무현재단,제16기 노무현장학생,생활비 - 타 장학 중복 O,"4,000,000원",2025-01-13,2025-02-03,,10,
인산장학문화재단,인산장학문화재단 장학생,생활비 - 타 장학 중복 O,추후 결정,2025-01-15,2025-01-24,,10,
대구대학교,마일리지장학금,생활비 - 타 장학 중복 O,"최대 2,000,000원",2025-01-09,2025-01-22,"신청자격:
- 비교과통합관리시스템에서 승인된 마일리지 점수가 300점 이상인 자",10,대구대학교
성혜장학회,학업 우수 장학생,생활비 - 타 장학 중복 X,추후 결정,2025-01-13,2025-02-14,,10,
성혜장학회,사랑 복지 장학생,생활비 - 타 장학 중복 X,추후 결정,2025-01-13,2025-02-14,,5,
백운백합재단,백운백합재단 장학생,생활비 - 타 장학 중복 O,"3,000,000원",2025-01-14,2025-02-04,"신청자격:
- 현직 경찰관 및 소방관의 자녀",5,건국대학교
동국대학교,김범수대위 장학,생활비 - 타 장학 중복 O,"2,000,000원",2025-01-14,2025-01-20,,10,동국대학교
정산장학재단,정산장학재단 장학생,등록금,"1,500,000원",2025-01-21,2025-01-24,"신청자격:
- 소득분위 5~9분위 이내인 자
- 성적우수자",9,연세대학교
중앙대학교,중앙나래장학금,생활비 - 타 장학 중복 O,"최대 500,000원",2025-01-21,2025-02-12,"신청자격:
- 2025-1학기 수업료성 외부장학금 30만원 이상 수혜자(단, 국가장학금 제외)",3,중앙대학교
정산장학재단,정산장학재단 장학생,등록금,"학기 당 1,500,000원",2025-01-20,2025-02-03,,5,동국대학교
금강홍순탁장학재단,2025년 상반기 장학생,등록금,등록금 최대 50% 지원,2025-02-03,2025-02-10,,10,
국민대학교,나에게 필요한 장학금,생활비 - 타 장학 중복 X,등록금 최대 70% 지원,2025-01-21,2025-01-31,"신청자격:

- 장학금 신청 시점 기준 당해 학기에 한 번도 장학금 수혜를 받지 못한 학생",10,국민대학교
